Imagen,Texto Detectado,Texto Esperado,Tiempo (s),Precisión (%),Resultado
"dataset/1755800220_0.9_(48, 104, 3)_BYJ-567.jpg",BYJ-56,BYJ-567,0.3641,0.0,❌ Incorrecto
"dataset/1755800225_0.91_(44, 95, 3)_V71-023.jpg",V71-0,V71-023,0.2566,0.0,❌ Incorrecto
"dataset/1755800256_0.9_(49, 104, 3)_Z4X-018.jpg",4X-0,Z4X-018,0.2568,0.0,❌ Incorrecto
"dataset/1755800279_0.93_(64, 113, 3)_A8D-757.jpg",A8D-75,A8D-757,0.2629,0.0,❌ Incorrecto
"dataset/1755800317_0.9_(45, 93, 3)_VAJ-632.jpg",VAJ-632,VAJ-632,0.2622,100.0,✅ Correcto
"dataset/1755800323_0.9_(52, 105, 3)_CRO-577.jpg",CRO-57,CRO-577,0.2592,0.0,❌ Incorrecto
"dataset/1755800341_0.9_(44, 91, 3)_V8U-524.jpg",V8U-52,V8U-524,0.2599,0.0,❌ Incorrecto
"dataset/1755800344_0.91_(47, 96, 3)_Z7U-204.jpg",27u-20,Z7U-204,0.2601,0.0,❌ Incorrecto
"dataset/1755800351_0.91_(47, 93, 3)_BSV-176.jpg",BSV-17,BSV-176,0.2626,0.0,❌ Incorrecto
"dataset/1755800370_0.91_(52, 105, 3)_Z7P-666.jpg",Z7P-66,Z7P-666,0.2602,0.0,❌ Incorrecto
"dataset/1755800418_0.9_(53, 106, 3)_Z6A-203.jpg",Z6A-20:,Z6A-203,0.2673,0.0,❌ Incorrecto
"dataset/1755800425_0.9_(58, 119, 3)_B3W-759.jpg",652-M£9,B3W-759,0.2576,0.0,❌ Incorrecto
"dataset/1755800437_0.9_(60, 107, 3)_Z5B-752.jpg",25B-75.,Z5B-752,0.2576,0.0,❌ Incorrecto
"dataset/1755800446_0.9_(49, 100, 3)_Z8Y-837.jpg",228-187,Z8Y-837,0.2554,0.0,❌ Incorrecto
"dataset/1755800450_0.9_(48, 96, 3)_Z7V-290.jpg",067-M27,Z7V-290,0.2599,0.0,❌ Incorrecto
"dataset/1755800459_0.9_(46, 92, 3)_Z6S-279.jpg",Z6S-27,Z6S-279,0.2581,0.0,❌ Incorrecto
"dataset/1755800467_0.91_(58, 105, 3)_B1B-164.jpg",,B1B-164,0.1952,0.0,❌ Incorrecto
"dataset/1755800525_0.91_(45, 92, 3)_V9W-422.jpg",227-M62,V9W-422,0.2566,0.0,❌ Incorrecto
"dataset/1755800555_0.9_(44, 90, 3)_V8M-368.jpg",/8M-36,V8M-368,0.2573,0.0,❌ Incorrecto
"dataset/1755800589_0.9_(46, 98, 3)_A8D-757.jpg",252-08,A8D-757,0.2620,0.0,❌ Incorrecto
"dataset/1755800590_0.9_(54, 109, 3)_A80-757.jpg",S2-08,A80-757,0.2799,0.0,❌ Incorrecto
"dataset/1755800700_0.91_(48, 100, 3)_Z5Q-106.jpg",Z5Q-106,Z5Q-106,0.2600,100.0,✅ Correcto
"dataset/1755800790_0.9_(43, 90, 3)_X4N-230.jpg",1E2-N7,X4N-230,0.2642,0.0,❌ Incorrecto
"dataset/1755800793_0.91_(46, 92, 3)_V1I-104.jpg",V1I-104,V1I-104,0.2588,100.0,✅ Correcto
"dataset/1755800797_0.9_(52, 103, 3)_AUU-101.jpg",uu-10:,AUU-101,0.2563,0.0,❌ Incorrecto
"dataset/1755800807_0.9_(50, 104, 3)_X20-934.jpg",X20-93,X20-934,0.2702,0.0,❌ Incorrecto
"dataset/1755800880_0.9_(44, 92, 3)_V31-163.jpg",/31-16,V31-163,0.2618,0.0,❌ Incorrecto
"dataset/1755800883_0.9_(54, 104, 3)_Z6L-717.jpg",Z6U-71,Z6L-717,0.2576,0.0,❌ Incorrecto
"dataset/1755800887_0.9_(47, 97, 3)_Z7K-549.jpg",,Z7K-549,0.1964,0.0,❌ Incorrecto
"dataset/1755800893_0.9_(71, 106, 3)_Y3Q-595.jpg",,Y3Q-595,0.1849,0.0,❌ Incorrecto
"dataset/1755800912_0.9_(41, 96, 3)_F51-233.jpg",S22-31,F51-233,0.2617,0.0,❌ Incorrecto
"dataset/1755800941_0.9_(50, 100, 3)_B1N-742.jpg",272-NC,B1N-742,0.2639,0.0,❌ Incorrecto
"dataset/1755800975_0.91_(58, 106, 3)_V7R-826.jpg",,V7R-826,0.1993,0.0,❌ Incorrecto
"dataset/1755800978_0.91_(47, 96, 3)_Z4Q-197.jpg",Z4Q-197,Z4Q-197,0.2571,100.0,✅ Correcto
"dataset/1755801015_0.9_(48, 98, 3)_Z5G-496.jpg",Z5G-49,Z5G-496,0.2609,0.0,❌ Incorrecto
"dataset/1755801088_0.9_(50, 109, 3)_Z5T-282.jpg",Z5T-2,Z5T-282,0.2642,0.0,❌ Incorrecto
"dataset/1755801091_0.91_(46, 101, 3)_Z5V-445.jpg",S57-15,Z5V-445,0.2598,0.0,❌ Incorrecto
"dataset/1755801123_0.9_(52, 100, 3)_W1A-763.jpg",W1A-763,W1A-763,0.2576,100.0,✅ Correcto
"dataset/1755801131_0.9_(56, 113, 3)_A9K-715.jpg",ST4-X6,A9K-715,0.2651,0.0,❌ Incorrecto
"dataset/1755801139_0.9_(47, 97, 3)_CBM-487.jpg",487-W82,CBM-487,0.2590,0.0,❌ Incorrecto
"dataset/1755801176_0.9_(50, 108, 3)_Z2G-146.jpg",2G-14,Z2G-146,0.2570,0.0,❌ Incorrecto
"dataset/1755801183_0.9_(61, 112, 3)_Z2N-051.jpg",TSO-NS,Z2N-051,0.2630,0.0,❌ Incorrecto
"dataset/1755801190_0.9_(46, 98, 3)_V9K-468.jpg",897-X6,V9K-468,0.2648,0.0,❌ Incorrecto
"dataset/1755801207_0.91_(48, 101, 3)_Z3P-791.jpg",Z3P-79:,Z3P-791,0.2645,0.0,❌ Incorrecto
"dataset/1755801210_0.9_(49, 104, 3)_X3A-006.jpg",X3A-00,X3A-006,0.2596,0.0,❌ Incorrecto
"dataset/1755801223_0.91_(51, 101, 3)_Z8B-641.jpg",Z8B-64.,Z8B-641,0.2573,0.0,❌ Incorrecto
"dataset/1755801236_0.9_(48, 97, 3)_X1J-790.jpg",D64-CL,X1J-790,0.2675,0.0,❌ Incorrecto
"dataset/1755801286_0.9_(71, 116, 3)_F7F-087.jpg",280-32.,F7F-087,0.2657,0.0,❌ Incorrecto
"dataset/1755801294_0.91_(52, 106, 3)_A5G-752.jpg",A5G-75,A5G-752,0.2837,0.0,❌ Incorrecto
"dataset/1755801305_0.91_(48, 98, 3)_Z8U-888.jpg",Z8U-88,Z8U-888,0.2624,0.0,❌ Incorrecto
"dataset/1755801306_0.91_(47, 102, 3)_Z8L-888.jpg",888-1187,Z8L-888,0.2580,0.0,❌ Incorrecto
"dataset/1755801314_0.91_(50, 103, 3)_AUJ-187.jpg",AUJ-18,AUJ-187,0.2593,0.0,❌ Incorrecto
"dataset/1755801315_0.9_(57, 110, 3)_AUJ-182.jpg",AUJ-187,AUJ-182,0.2513,0.0,❌ Incorrecto
"dataset/1755801327_0.91_(49, 100, 3)_Z6X-411.jpg",,Z6X-411,0.1865,0.0,❌ Incorrecto
"dataset/1755801335_0.9_(62, 110, 3)_V71-023.jpg",O22-222,V71-023,0.2553,0.0,❌ Incorrecto
"dataset/1755801348_0.9_(50, 97, 3)_X1S-070.jpg",X1S-07,X1S-070,0.2596,0.0,❌ Incorrecto
"dataset/1755801389_0.91_(45, 93, 3)_VDS-785.jpg",VDS-785,VDS-785,0.2573,100.0,✅ Correcto
"dataset/1755801392_0.91_(54, 107, 3)_Z7M-355.jpg",Z7M-35:,Z7M-355,0.2518,0.0,❌ Incorrecto
"dataset/1755801403_0.91_(54, 106, 3)_Z8B-617.jpg",Z8B-61,Z8B-617,0.2629,0.0,❌ Incorrecto
"dataset/1755801417_0.91_(51, 103, 3)_D7W-870.jpg",028-NZ0,D7W-870,0.2679,0.0,❌ Incorrecto
"dataset/1755801418_0.9_(57, 108, 3)_07W-870.jpg",,07W-870,0.1976,0.0,❌ Incorrecto
"dataset/1755801426_0.9_(50, 102, 3)_W1A-763.jpg",1A-7,W1A-763,0.2584,0.0,❌ Incorrecto
"dataset/1755801434_0.91_(63, 120, 3)_A9K-715.jpg",ST2-X6V,A9K-715,0.2663,0.0,❌ Incorrecto
"dataset/1755801483_0.91_(50, 100, 3)_X4H-470.jpg",,X4H-470,0.1997,0.0,❌ Incorrecto
"dataset/1755801491_0.91_(47, 94, 3)_VCS-856.jpg",VCS-85,VCS-856,0.2537,0.0,❌ Incorrecto
"dataset/1755801494_0.91_(48, 101, 3)_BCF-122.jpg",BCF-122,BCF-122,0.2622,100.0,✅ Correcto
"dataset/1755801529_0.9_(55, 104, 3)_Z5K-681.jpg",Z5K-68:,Z5K-681,0.2603,0.0,❌ Incorrecto
"dataset/1755801534_0.91_(60, 117, 3)_Z2G-323.jpg",Z2G-32.,Z2G-323,0.2745,0.0,❌ Incorrecto
"dataset/1755801565_0.91_(64, 115, 3)_Z5Q-118.jpg",Z5Q-11,Z5Q-118,0.2590,0.0,❌ Incorrecto
"dataset/1755801570_0.9_(48, 97, 3)_X1J-790.jpg",X1J-790,X1J-790,0.2593,100.0,✅ Correcto
"dataset/1755801578_0.9_(46, 94, 3)_VAN-508.jpg",VAN-50,VAN-508,0.2604,0.0,❌ Incorrecto
"dataset/1755801584_0.9_(48, 99, 3)_CHH-339.jpg",CHW-33,CHH-339,0.2626,0.0,❌ Incorrecto
"dataset/1755801586_0.9_(53, 100, 3)_Z6M-106.jpg",Z6M-106,Z6M-106,0.2630,100.0,✅ Correcto
"dataset/1755801598_0.92_(53, 108, 3)_A5G-752.jpg",,A5G-752,0.1937,0.0,❌ Incorrecto
"dataset/1755801647_0.92_(59, 102, 3)_Z7U-204.jpg",702-127,Z7U-204,0.2557,0.0,❌ Incorrecto
"dataset/1755801654_0.9_(49, 99, 3)_Z5G-467.jpg",Z5G-4(,Z5G-467,0.2699,0.0,❌ Incorrecto
"dataset/1755801662_0.91_(73, 117, 3)_598-655.jpg",,598-655,0.2008,0.0,❌ Incorrecto
"dataset/1755801663_0.9_(44, 89, 3)_71C-465.jpg",Z1C-4€,71C-465,0.2642,0.0,❌ Incorrecto
"dataset/1755801690_0.9_(41, 89, 3)_AXF-317.jpg",AXF-31,AXF-317,0.2567,0.0,❌ Incorrecto
"dataset/1755801695_0.9_(46, 96, 3)_X1Q-323.jpg",X1Q-32.,X1Q-323,0.2595,0.0,❌ Incorrecto
"dataset/1755801744_0.9_(66, 118, 3)_Z20-326.jpg",20-326,Z20-326,0.2637,0.0,❌ Incorrecto
"dataset/1755801790_0.91_(49, 103, 3)_Z6C-695.jpg",Z6C-69!,Z6C-695,0.2603,0.0,❌ Incorrecto
"dataset/1755801795_0.91_(46, 94, 3)_Z3F-113.jpg",23F-113,Z3F-113,0.2656,0.0,❌ Incorrecto
"dataset/1755801798_0.92_(53, 103, 3)_Z6K-059.jpg",650-X97,Z6K-059,0.2601,0.0,❌ Incorrecto
"dataset/1755801801_0.91_(46, 97, 3)_D70-364.jpg",D70-36,D70-364,0.2576,0.0,❌ Incorrecto
"dataset/1755801812_0.91_(49, 101, 3)_Z7V-467.jpg",297-M2,Z7V-467,0.2638,0.0,❌ Incorrecto
"dataset/1755801843_0.91_(49, 100, 3)_Z7S-416.jpg",9T7-S4Z,Z7S-416,0.2577,0.0,❌ Incorrecto
"dataset/1755801846_0.9_(49, 95, 3)_F4B-067.jpg",F4B-06,F4B-067,0.2562,0.0,❌ Incorrecto
"dataset/1755801849_0.91_(53, 105, 3)_Z3V-367.jpg",Z3V-367,Z3V-367,0.2702,100.0,✅ Correcto
"dataset/1755801852_0.9_(52, 97, 3)_V71-420.jpg",027-120,V71-420,0.2496,0.0,❌ Incorrecto
"dataset/1755801939_0.9_(48, 90, 3)_AYJ-561.jpg",AYJ-56:,AYJ-561,0.2620,0.0,❌ Incorrecto
"dataset/1755802000_0.91_(48, 101, 3)_AMO-819.jpg",AMO-81,AMO-819,0.2579,0.0,❌ Incorrecto
"dataset/1755802022_0.9_(53, 103, 3)_B1B-734.jpg",722-858,B1B-734,0.2550,0.0,❌ Incorrecto
"dataset/1755802033_0.91_(56, 107, 3)_CKS-489.jpg",,CKS-489,0.1922,0.0,❌ Incorrecto
"dataset/1755802038_0.9_(54, 103, 3)_C3S-449.jpg",,C3S-449,0.1929,0.0,❌ Incorrecto
"dataset/1755802073_0.91_(54, 106, 3)_Z7C-049.jpg",670-327,Z7C-049,0.2624,0.0,❌ Incorrecto
"dataset/1755802099_0.91_(54, 108, 3)_Z6B-834.jpg",Z6B-83,Z6B-834,0.2598,0.0,❌ Incorrecto
"dataset/1755802124_0.9_(60, 112, 3)_X3T-626.jpg",(3T-62,X3T-626,0.2577,0.0,❌ Incorrecto
"dataset/1755802133_0.91_(49, 97, 3)_VCF-677.jpg",VCF-67,VCF-677,0.2637,0.0,❌ Incorrecto
"dataset/1755802142_0.9_(50, 100, 3)_D1I-153.jpg",D1I-15,D1I-153,0.2555,0.0,❌ Incorrecto
"dataset/1755802147_0.91_(46, 90, 3)_VBI-497.jpg",267-18,VBI-497,0.2556,0.0,❌ Incorrecto
"dataset/1755802161_0.91_(50, 99, 3)_V9N-697.jpg",V9N-69,V9N-697,0.2646,0.0,❌ Incorrecto
"dataset/1755802166_0.9_(45, 102, 3)_V2N-829.jpg",628-N2G,V2N-829,0.2591,0.0,❌ Incorrecto
"dataset/1755802269_0.91_(45, 93, 3)_ARE-297.jpg",P62-38,ARE-297,0.2526,0.0,❌ Incorrecto
"dataset/1755802328_0.9_(49, 98, 3)_Z7N-143.jpg",,Z7N-143,0.1907,0.0,❌ Incorrecto
"dataset/1755802353_0.9_(62, 107, 3)_AAO-576.jpg",A0-57,AAO-576,0.2499,0.0,❌ Incorrecto
"dataset/1755802410_0.91_(48, 95, 3)_BTB-292.jpg",BTB-29,BTB-292,0.2661,0.0,❌ Incorrecto
"dataset/1755802415_0.91_(44, 95, 3)_Z7Y-245.jpg",172-245,Z7Y-245,0.2569,0.0,❌ Incorrecto
"dataset/1755802418_0.9_(50, 104, 3)_BPW-164.jpg",BPW-1,BPW-164,0.2516,0.0,❌ Incorrecto
"dataset/1755802421_0.91_(47, 92, 3)_BXI-161.jpg",BXI-16:,BXI-161,0.2624,0.0,❌ Incorrecto
"dataset/1755802433_0.9_(50, 98, 3)_V6Y-151.jpg",CST-A90,V6Y-151,0.2525,0.0,❌ Incorrecto
"dataset/1755802437_0.92_(48, 98, 3)_Z6Y-080.jpg",080-A97,Z6Y-080,0.2531,0.0,❌ Incorrecto
"dataset/1755802496_0.91_(42, 90, 3)_Z5D-490.jpg",25D-490,Z5D-490,0.2620,0.0,❌ Incorrecto
"dataset/1755802534_0.9_(41, 91, 3)_V4E-442.jpg",277-39,V4E-442,0.2636,0.0,❌ Incorrecto
"dataset/1755802585_0.91_(42, 94, 3)_VBX-425.jpg",,VBX-425,0.1911,0.0,❌ Incorrecto
"dataset/1755802589_0.9_(48, 98, 3)_Z4Q-264.jpg",797-077,Z4Q-264,0.2546,0.0,❌ Incorrecto
"dataset/1755802592_0.91_(48, 98, 3)_BKQ-659.jpg",BKQ-65,BKQ-659,0.2560,0.0,❌ Incorrecto
"dataset/1755802597_0.9_(48, 98, 3)_S1B-589.jpg",S1B-58,S1B-589,0.2585,0.0,❌ Incorrecto
"dataset/1755802608_0.91_(49, 97, 3)_BKM-032.jpg",CE-BXA,BKM-032,0.2653,0.0,❌ Incorrecto
"dataset/1755802629_0.9_(50, 106, 3)_AFL-039.jpg",FL-0;,AFL-039,0.2639,0.0,❌ Incorrecto
"dataset/1755802632_0.9_(47, 101, 3)_Z7F-326.jpg",27F-32,Z7F-326,0.2636,0.0,❌ Incorrecto
"dataset/1755802646_0.9_(65, 114, 3)_CJS-468.jpg",897-SC),CJS-468,0.2539,0.0,❌ Incorrecto
"dataset/1755802650_0.9_(58, 114, 3)_A2E-705.jpg",,A2E-705,0.2040,0.0,❌ Incorrecto
"dataset/1755802708_0.9_(52, 102, 3)_BHG-267.jpg",BHG-26,BHG-267,0.2585,0.0,❌ Incorrecto
"dataset/1755802716_0.91_(47, 95, 3)_V4L-658.jpg",,V4L-658,0.2022,0.0,❌ Incorrecto
"dataset/1755802759_0.91_(54, 107, 3)_Z8V-787.jpg",Z8V-787,Z8V-787,0.2578,100.0,✅ Correcto
"dataset/1755802859_0.9_(50, 97, 3)_Z3P-000.jpg",Z3P-00,Z3P-000,0.2561,0.0,❌ Incorrecto
"dataset/1755802962_0.91_(63, 114, 3)_Z6D-367.jpg",Z6D-36,Z6D-367,0.2686,0.0,❌ Incorrecto
"dataset/1755803016_0.9_(43, 91, 3)_V6J-526.jpg",V6J-52,V6J-526,0.2582,0.0,❌ Incorrecto
"dataset/1755803044_0.9_(63, 111, 3)_Z6U-717.jpg",Z6U-71,Z6U-717,0.2559,0.0,❌ Incorrecto
"dataset/1755803089_0.9_(49, 97, 3)_Z7N-143.jpg",,Z7N-143,0.1884,0.0,❌ Incorrecto
"dataset/1755803106_0.9_(58, 113, 3)_Z7W-178.jpg",Z7H-1:,Z7W-178,0.2574,0.0,❌ Incorrecto
"dataset/1755803124_0.9_(46, 92, 3)_Z1E-728.jpg",822-382,Z1E-728,0.2628,0.0,❌ Incorrecto
"dataset/1755803163_0.9_(54, 107, 3)_V1H-723.jpg",1H-72,V1H-723,0.2606,0.0,❌ Incorrecto
"dataset/1755803168_0.91_(53, 106, 3)_Z4Y-573.jpg",221-297,Z4Y-573,0.2560,0.0,❌ Incorrecto
"dataset/1755803170_0.9_(45, 89, 3)_X3T-194.jpg",X3T-19,X3T-194,0.2583,0.0,❌ Incorrecto
"dataset/1755803288_0.91_(47, 96, 3)_ASJ-523.jpg",ÄSJ-52,ASJ-523,0.2613,0.0,❌ Incorrecto
"dataset/1755803327_0.9_(50, 100, 3)_X3E-141.jpg",X3E-141,X3E-141,0.2634,100.0,✅ Correcto
"dataset/1755803417_0.9_(46, 96, 3)_Z1E-728.jpg",824-38,Z1E-728,0.2610,0.0,❌ Incorrecto
"dataset/1755803618_0.9_(61, 105, 3)_CEX-325.jpg",,CEX-325,0.1803,0.0,❌ Incorrecto
"dataset/1755803678_0.9_(46, 103, 3)_V1W-327.jpg",V1W-32,V1W-327,0.2629,0.0,❌ Incorrecto
"dataset/1755803683_0.9_(59, 118, 3)_Z5D-845.jpg",Z5D-84:,Z5D-845,0.2637,0.0,❌ Incorrecto
"dataset/1755803692_0.9_(60, 105, 3)_BBT-930.jpg",0£6-188,BBT-930,0.2564,0.0,❌ Incorrecto
"dataset/1755803697_0.9_(67, 126, 3)_Z2E-770.jpg",,Z2E-770,0.1937,0.0,❌ Incorrecto
"dataset/1755803736_0.9_(50, 103, 3)_BTQ-272.jpg",BTQ-272,BTQ-272,0.2551,100.0,✅ Correcto
"dataset/1755803790_0.9_(66, 113, 3)_Z3J-707.jpg",Z3J-707,Z3J-707,0.2569,100.0,✅ Correcto
"dataset/1755803875_0.91_(47, 102, 3)_ANJ-150.jpg",NJ-15l,ANJ-150,0.2553,0.0,❌ Incorrecto
"dataset/1755803886_0.9_(45, 94, 3)_Z7X-826.jpg",27X-82,Z7X-826,0.2581,0.0,❌ Incorrecto
"dataset/1755803979_0.9_(45, 90, 3)_BVH-663.jpg",BVH-66,BVH-663,0.2553,0.0,❌ Incorrecto
"dataset/1755803979_0.9_(48, 97, 3)_8VH-663.jpg",,8VH-663,0.1899,0.0,❌ Incorrecto
"dataset/1755803985_0.9_(127, 139, 3)_L2E-770.jpg",2E-77,L2E-770,0.2785,0.0,❌ Incorrecto
"dataset/1755804033_0.91_(51, 96, 3)_V4E-661.jpg",99-35,V4E-661,0.2665,0.0,❌ Incorrecto
"dataset/1755804052_0.9_(54, 101, 3)_AUU-101.jpg",zuu-10:,AUU-101,0.2564,0.0,❌ Incorrecto
"dataset/1755804067_0.91_(63, 110, 3)_Z7G-042.jpg",,Z7G-042,0.1962,0.0,❌ Incorrecto
"dataset/1755804076_0.9_(51, 103, 3)_BJG-541.jpg",BJG-54.,BJG-541,0.2509,0.0,❌ Incorrecto
"dataset/1755804125_0.91_(48, 101, 3)_Z3J-707.jpg",Z3J-707,Z3J-707,0.2624,100.0,✅ Correcto
"dataset/1755804178_0.91_(38, 89, 3)_AYH-261.jpg",T17-HA,AYH-261,0.2577,0.0,❌ Incorrecto
"dataset/1755804192_0.9_(65, 116, 3)_V7C-801.jpg",T8-3ZA,V7C-801,0.2555,0.0,❌ Incorrecto
"dataset/1755804243_0.9_(49, 94, 3)_Z7Y-445.jpg",,Z7Y-445,0.2027,0.0,❌ Incorrecto
"dataset/1755804326_0.9_(47, 98, 3)_CO1-165.jpg",,CO1-165,0.1983,0.0,❌ Incorrecto
"dataset/1755804330_0.91_(51, 102, 3)_Z8S-813.jpg",Z8S-81,Z8S-813,0.2513,0.0,❌ Incorrecto
"dataset/1755804345_0.91_(46, 94, 3)_BLH-257.jpg",G2-H,BLH-257,0.2583,0.0,❌ Incorrecto
"dataset/1755804371_0.9_(54, 113, 3)_V6E-258.jpg",G8-38,V6E-258,0.2570,0.0,❌ Incorrecto
"dataset/1755804443_0.91_(49, 96, 3)_Z51-510.jpg",Z51-51,Z51-510,0.2580,0.0,❌ Incorrecto
"dataset/1755804512_0.91_(39, 91, 3)_Z7T-469.jpg",697-12,Z7T-469,0.2588,0.0,❌ Incorrecto
"dataset/1755804516_0.92_(61, 118, 3)_Z1A-640.jpg",,Z1A-640,0.1926,0.0,❌ Incorrecto
"dataset/1755805016_0.9_(49, 97, 3)_BWS-056.jpg",BWS-05,BWS-056,0.2593,0.0,❌ Incorrecto
"dataset/1755805048_0.9_(50, 96, 3)_VCL-405.jpg",VCL-40,VCL-405,0.2844,0.0,❌ Incorrecto
"dataset/1755805055_0.9_(53, 104, 3)_Z7W-234.jpg",7£Z-HZ7,Z7W-234,0.2725,0.0,❌ Incorrecto
"dataset/1755805151_0.91_(50, 101, 3)_Z7W-377.jpg",Z7W-37,Z7W-377,0.2596,0.0,❌ Incorrecto
"dataset/1755805212_0.91_(52, 105, 3)_Z7F-518.jpg",8T5-327,Z7F-518,0.2562,0.0,❌ Incorrecto
"dataset/1755805218_0.9_(41, 88, 3)_Z7H-064.jpg",Z7H-06,Z7H-064,0.2565,0.0,❌ Incorrecto
"dataset/1755805271_0.9_(64, 111, 3)_Z1V-042.jpg",770-,Z1V-042,0.2505,0.0,❌ Incorrecto
"dataset/1755805284_0.91_(52, 101, 3)_VAB-735.jpg",,VAB-735,0.1985,0.0,❌ Incorrecto
"dataset/1755805378_0.9_(47, 101, 3)_Z6E-393.jpg",Z6E-39,Z6E-393,0.2661,0.0,❌ Incorrecto
"dataset/1755805538_0.9_(47, 98, 3)_Z7G-017.jpg",Z7G-0:,Z7G-017,0.2516,0.0,❌ Incorrecto
"dataset/1755805684_0.9_(48, 99, 3)_VCS-186.jpg",VCS-18,VCS-186,0.2623,0.0,❌ Incorrecto
"dataset/1755805788_0.91_(48, 98, 3)_CRG-314.jpg",CRG-31,CRG-314,0.2671,0.0,❌ Incorrecto
"dataset/1755805904_0.92_(118, 124, 3)_V2X-710.jpg",247,V2X-710,0.2750,0.0,❌ Incorrecto
"dataset/1755806062_0.9_(47, 95, 3)_BKQ-659.jpg",BKQ-65,BKQ-659,0.2566,0.0,❌ Incorrecto
"dataset/1755806111_0.9_(49, 97, 3)_Z7F-621.jpg",Z7F-62:,Z7F-621,0.2571,0.0,❌ Incorrecto
"dataset/1755806151_0.91_(47, 98, 3)_Z5J-577.jpg",25J-57,Z5J-577,0.2611,0.0,❌ Incorrecto
"dataset/1755806181_0.9_(41, 100, 3)_VAQ-104.jpg",VAQ-10,VAQ-104,0.2565,0.0,❌ Incorrecto
"dataset/1755806233_0.9_(49, 96, 3)_BWQ-500.jpg",05-0,BWQ-500,0.2628,0.0,❌ Incorrecto
"dataset/1755806243_0.91_(58, 110, 3)_Z7U-178.jpg",Z7U-17,Z7U-178,0.2564,0.0,❌ Incorrecto
"dataset/1755806300_0.9_(50, 101, 3)_AOT-720.jpg",22-108,AOT-720,0.2653,0.0,❌ Incorrecto
"dataset/1755806301_0.9_(53, 110, 3)_A0T-720.jpg",AOT-720,A0T-720,0.2516,0.0,❌ Incorrecto
"dataset/1755806307_0.9_(45, 91, 3)_T4M-134.jpg",7ET-W7!,T4M-134,0.2531,0.0,❌ Incorrecto
"dataset/1755806406_0.9_(47, 101, 3)_A4S-720.jpg",022-S7,A4S-720,0.2634,0.0,❌ Incorrecto
"dataset/1755806558_0.9_(60, 116, 3)_ABU-720.jpg",,ABU-720,0.1934,0.0,❌ Incorrecto
"dataset/1755806583_0.9_(58, 110, 3)_Z7H-075.jpg",S20-H27,Z7H-075,0.2563,0.0,❌ Incorrecto
"dataset/1755806706_0.9_(45, 96, 3)_V71-023.jpg",V7I-02:,V71-023,0.2717,0.0,❌ Incorrecto
"dataset/1755806714_0.91_(46, 100, 3)_A4S-720.jpg",022-S7,A4S-720,0.2587,0.0,❌ Incorrecto
"dataset/1755806796_0.91_(44, 92, 3)_Z70-399.jpg",270-39,Z70-399,0.2569,0.0,❌ Incorrecto
"dataset/1755806835_0.9_(50, 100, 3)_D7W-870.jpg",028-N20,D7W-870,0.2685,0.0,❌ Incorrecto
"dataset/1755806839_0.91_(53, 104, 3)_Z2P-320.jpg",Z2P-320,Z2P-320,0.2535,100.0,✅ Correcto
"dataset/1755806845_0.91_(44, 98, 3)_A3C-786.jpg",982-3£,A3C-786,0.2626,0.0,❌ Incorrecto
"dataset/1755806849_0.92_(49, 98, 3)_Z7P-354.jpg",Z7P-35,Z7P-354,0.2620,0.0,❌ Incorrecto
"dataset/1755806852_0.91_(66, 114, 3)_VBA-422.jpg",/BA-42,VBA-422,0.2593,0.0,❌ Incorrecto
"dataset/1755806868_0.9_(46, 91, 3)_ACL-585.jpg",ACL-585,ACL-585,0.2630,100.0,✅ Correcto
"dataset/1755806984_0.9_(45, 92, 3)_Z5Z-532.jpg",2E5-22,Z5Z-532,0.2683,0.0,❌ Incorrecto
"dataset/1755807008_0.91_(44, 97, 3)_BEP-534.jpg",BEP-53,BEP-534,0.2639,0.0,❌ Incorrecto
"dataset/1755807086_0.91_(45, 90, 3)_Z4Y-618.jpg",8C9-A5,Z4Y-618,0.2597,0.0,❌ Incorrecto
"dataset/1755807186_0.9_(47, 95, 3)_Z7M-595.jpg",S6S-W27,Z7M-595,0.2587,0.0,❌ Incorrecto
"dataset/1755807199_0.9_(46, 102, 3)_A5U-739.jpg",15U-739,A5U-739,0.2606,0.0,❌ Incorrecto
"dataset/1755807204_0.9_(43, 89, 3)_M4B-467.jpg",,M4B-467,0.2023,0.0,❌ Incorrecto
"dataset/1755807211_0.9_(44, 96, 3)_BEP-534.jpg",BEP-53,BEP-534,0.2632,0.0,❌ Incorrecto
"dataset/1755807470_0.91_(141, 148, 3)_A5U-739.jpg",51-73,A5U-739,0.2804,0.0,❌ Incorrecto
"dataset/1755807617_0.9_(56, 111, 3)_45K-770.jpg",,45K-770,0.2008,0.0,❌ Incorrecto
"dataset/1755807852_0.91_(53, 108, 3)_Z6W-329.jpg",Z6W-3',Z6W-329,0.2531,0.0,❌ Incorrecto
"dataset/1755807884_0.9_(52, 101, 3)_Z2Q-021.jpg",Z2Q-02.,Z2Q-021,0.2648,0.0,❌ Incorrecto
"dataset/1755807907_0.9_(52, 99, 3)_C6M-147.jpg",6M-1,C6M-147,0.2571,0.0,❌ Incorrecto
"dataset/1755808117_0.9_(49, 100, 3)_Z1I-540.jpg",Z11-54,Z1I-540,0.2668,0.0,❌ Incorrecto
"dataset/1755808131_0.92_(45, 93, 3)_ANG-059.jpg",ANG-05,ANG-059,0.2638,0.0,❌ Incorrecto
"dataset/1755808144_0.9_(46, 94, 3)_Z2Q-021.jpg",Z2Q-02:,Z2Q-021,0.2581,0.0,❌ Incorrecto
"dataset/1755808175_0.91_(44, 89, 3)_F8Q-278.jpg",927-08:3,F8Q-278,0.2775,0.0,❌ Incorrecto
"dataset/1755808300_0.9_(46, 91, 3)_AK1-784.jpg",KI-784,AK1-784,0.2605,0.0,❌ Incorrecto
"dataset/1755808414_0.9_(59, 111, 3)_F8Q-278.jpg",8Q-27,F8Q-278,0.2632,0.0,❌ Incorrecto
"dataset/1755808461_0.91_(62, 116, 3)_CBA-659.jpg",CBA-65,CBA-659,0.2728,0.0,❌ Incorrecto
"dataset/1755808464_0.9_(50, 104, 3)_BUY-632.jpg",729-A3,BUY-632,0.2717,0.0,❌ Incorrecto
"dataset/1755808477_0.91_(46, 95, 3)_BHB-015.jpg",3HB-01,BHB-015,0.2635,0.0,❌ Incorrecto
"dataset/1755808763_0.9_(54, 105, 3)_V5B-631.jpg",5B-63,V5B-631,0.2590,0.0,❌ Incorrecto
"dataset/1755808937_0.91_(46, 96, 3)_V8Y-171.jpg",V8Y-171,V8Y-171,0.2728,100.0,✅ Correcto
"dataset/1755808962_0.9_(46, 91, 3)_Z1T-535.jpg",Z1T-53.,Z1T-535,0.2741,0.0,❌ Incorrecto
"dataset/1755809021_0.9_(53, 108, 3)_Z40-588.jpg",Z40-58,Z40-588,0.2679,0.0,❌ Incorrecto
"dataset/1755809037_0.9_(61, 113, 3)_Z2N-738.jpg",BEL-NZ,Z2N-738,0.2600,0.0,❌ Incorrecto
"dataset/1755809250_0.9_(51, 99, 3)_S1B-772.jpg",S1B-77,S1B-772,0.2577,0.0,❌ Incorrecto
"dataset/1755809492_0.9_(38, 97, 3)_S1B-772.jpg",S1B-772,S1B-772,0.2588,100.0,✅ Correcto
"dataset/1755809743_0.9_(47, 93, 3)_Z11-272.jpg",211-272,Z11-272,0.2719,0.0,❌ Incorrecto
"dataset/1755809784_0.91_(49, 100, 3)_Z7B-669.jpg",Z7B-66,Z7B-669,0.2653,0.0,❌ Incorrecto
"dataset/1755809796_0.91_(121, 126, 3)_Z1J-781.jpg",WJ-78,Z1J-781,0.2851,0.0,❌ Incorrecto
"dataset/1755809798_0.91_(46, 99, 3)_BXU-498.jpg",BXU-498,BXU-498,0.2572,100.0,✅ Correcto
"dataset/1755810071_0.9_(47, 99, 3)_F1N-370.jpg",F1N-370,F1N-370,0.2597,100.0,✅ Correcto
"dataset/1755810077_0.9_(46, 97, 3)_Z6V-660.jpg",6V-66,Z6V-660,0.2579,0.0,❌ Incorrecto
"dataset/1755810245_0.9_(48, 95, 3)_BJU-400.jpg",BJU-40L,BJU-400,0.2690,0.0,❌ Incorrecto
"dataset/1755810246_0.9_(52, 98, 3)_BJL-400.jpg",007-nC8,BJL-400,0.2642,0.0,❌ Incorrecto
"dataset/1755810458_0.91_(50, 91, 3)_A2H-716.jpg",A2H-71,A2H-716,0.2601,0.0,❌ Incorrecto
"dataset/1755810751_0.91_(42, 93, 3)_BKQ-659.jpg",BKQ-6,BKQ-659,0.2736,0.0,❌ Incorrecto
"dataset/1755810833_0.9_(40, 90, 3)_Z5D-490.jpg",Z5D-490,Z5D-490,0.2566,100.0,✅ Correcto
"dataset/1755810848_0.9_(64, 109, 3)_AJV-939.jpg",6E6-AL,AJV-939,0.2621,0.0,❌ Incorrecto
"dataset/1755810946_0.91_(51, 99, 3)_Z5H-549.jpg",Z5W-54,Z5H-549,0.2564,0.0,❌ Incorrecto
"dataset/1755811078_0.9_(49, 99, 3)_D1I-153.jpg",01I-1,D1I-153,0.2696,0.0,❌ Incorrecto
"dataset/1755811276_0.91_(45, 97, 3)_Z1H-700.jpg",002-HT,Z1H-700,0.2703,0.0,❌ Incorrecto
"dataset/1755811522_0.9_(46, 93, 3)_Z5D-172.jpg",Z5D-172,Z5D-172,0.2659,100.0,✅ Correcto
"dataset/1755811526_0.91_(45, 93, 3)_Z1H-700.jpg",Z1H-700,Z1H-700,0.2683,100.0,✅ Correcto
"dataset/1755812430_0.9_(63, 118, 3)_B3W-759.jpg",,B3W-759,0.1911,0.0,❌ Incorrecto
"dataset/1755812435_0.9_(56, 114, 3)_ASD-757.jpg",ISL-OIS,ASD-757,0.2545,0.0,❌ Incorrecto
"dataset/1755812550_0.91_(55, 108, 3)_Z2Q-310.jpg",,Z2Q-310,0.1944,0.0,❌ Incorrecto
"dataset/1755812560_0.9_(47, 95, 3)_F9L-089.jpg",680-76:,F9L-089,0.2520,0.0,❌ Incorrecto
"dataset/1755812695_0.9_(48, 96, 3)_D9E-887.jpg",288-360,D9E-887,0.2630,0.0,❌ Incorrecto
"dataset/1755813815_0.9_(44, 89, 3)_A1X-403.jpg",,A1X-403,0.1912,0.0,❌ Incorrecto
"dataset/1755819341_0.9_(51, 109, 3)_D2E-683.jpg",D2E-68,D2E-683,0.2599,0.0,❌ Incorrecto
"dataset/1755819352_0.91_(49, 108, 3)_D2E-683.jpg",,D2E-683,0.1986,0.0,❌ Incorrecto
"dataset/1755862816_0.9_(48, 104, 3)_Z3V-720.jpg",324-127,Z3V-720,0.2670,0.0,❌ Incorrecto
"dataset/1755862951_0.9_(43, 96, 3)_A5K-770.jpg",O22-X5,A5K-770,0.2534,0.0,❌ Incorrecto
"dataset/1755863223_0.9_(45, 94, 3)_BBP-662.jpg",BBP-66.,BBP-662,0.2664,0.0,❌ Incorrecto
"dataset/1755863519_0.9_(46, 102, 3)_AOT-720.jpg",22-B00,AOT-720,0.2682,0.0,❌ Incorrecto
"dataset/1755863582_0.9_(50, 94, 3)_Z1D-784.jpg",,Z1D-784,0.1987,0.0,❌ Incorrecto
"dataset/1755863701_0.91_(55, 111, 3)_Z1J-781.jpg",T82-CC,Z1J-781,0.2531,0.0,❌ Incorrecto
"dataset/1755863861_0.9_(50, 98, 3)_X2Z-199.jpg",,X2Z-199,0.2029,0.0,❌ Incorrecto
"dataset/1755863881_0.9_(50, 100, 3)_X3J-746.jpg",X3J-746,X3J-746,0.2664,100.0,✅ Correcto
"dataset/1755863927_0.91_(46, 96, 3)_71H-700.jpg",,71H-700,0.2073,0.0,❌ Incorrecto
"dataset/1755863928_0.91_(47, 99, 3)_Z1H-700.jpg",,Z1H-700,0.2139,0.0,❌ Incorrecto
"dataset/1755864056_0.9_(44, 94, 3)_BUX-273.jpg",,BUX-273,0.1937,0.0,❌ Incorrecto
"dataset/1755864122_0.9_(46, 92, 3)_77U-013.jpg",Z7U-0:,77U-013,0.2570,0.0,❌ Incorrecto
"dataset/1755864123_0.9_(53, 104, 3)_Z7U-013.jpg",Z7U-01,Z7U-013,0.2592,0.0,❌ Incorrecto
"dataset/1755864190_0.9_(47, 98, 3)_Z5V-823.jpg",028-837,Z5V-823,0.2642,0.0,❌ Incorrecto
"dataset/1755864196_0.9_(51, 99, 3)_X4L-304.jpg",4L-30,X4L-304,0.2544,0.0,❌ Incorrecto
"dataset/1755864262_0.91_(57, 109, 3)_Z7S-597.jpg",Z7S-5,Z7S-597,0.2580,0.0,❌ Incorrecto
"dataset/1755864280_0.91_(47, 95, 3)_Z5Y-572.jpg",74S-A37,Z5Y-572,0.2536,0.0,❌ Incorrecto
"dataset/1755864463_0.91_(49, 99, 3)_Z6K-411.jpg",Z6K-41,Z6K-411,0.2572,0.0,❌ Incorrecto
"dataset/1755864488_0.9_(57, 104, 3)_Z8C-206.jpg",Z8C-20,Z8C-206,0.2626,0.0,❌ Incorrecto
"dataset/1755864599_0.9_(58, 110, 3)_V7B-442.jpg",,V7B-442,0.1969,0.0,❌ Incorrecto
"dataset/1755864637_0.91_(48, 94, 3)_81B-734.jpg",,81B-734,0.1888,0.0,❌ Incorrecto
"dataset/1755864638_0.91_(60, 109, 3)_B18-734.jpg",,B18-734,0.1936,0.0,❌ Incorrecto
"dataset/1755864638_0.9_(57, 101, 3)_B1B-734.jpg",B1B,B1B-734,0.2532,0.0,❌ Incorrecto
"dataset/1755864701_0.9_(53, 106, 3)_V4R-602.jpg",V4R-60,V4R-602,0.2673,0.0,❌ Incorrecto
"dataset/1755864720_0.9_(47, 94, 3)_Z6A-087.jpg",Z6A-08,Z6A-087,0.2672,0.0,❌ Incorrecto
"dataset/1755865999_0.9_(52, 101, 3)_Z7U-013.jpg",27U-01,Z7U-013,0.2673,0.0,❌ Incorrecto
"dataset/1755866023_0.9_(48, 103, 3)_Z7X-877.jpg",Z7X-87,Z7X-877,0.2668,0.0,❌ Incorrecto
"dataset/1755866028_0.9_(47, 96, 3)_Z3P-398.jpg",23P-39,Z3P-398,0.2646,0.0,❌ Incorrecto
"dataset/1755866032_0.91_(52, 108, 3)_Z6X-220.jpg",222-317,Z6X-220,0.2678,0.0,❌ Incorrecto
"dataset/1755866167_0.9_(49, 100, 3)_Z2M-424.jpg",27-W27,Z2M-424,0.2701,0.0,❌ Incorrecto
"dataset/1755866170_0.9_(46, 92, 3)_BHP-297.jpg",BHP-2,BHP-297,0.2556,0.0,❌ Incorrecto
"dataset/1755866191_0.9_(48, 98, 3)_BKQ-659.jpg",,BKQ-659,0.1928,0.0,❌ Incorrecto
"dataset/1755866271_0.9_(45, 98, 3)_Z3P-791.jpg",,Z3P-791,0.2119,0.0,❌ Incorrecto
"dataset/1755866274_0.9_(52, 105, 3)_Z5U-453.jpg",Z5U-45,Z5U-453,0.2548,0.0,❌ Incorrecto
"dataset/1755866275_0.9_(66, 112, 3)_Z5L-453.jpg",,Z5L-453,0.1939,0.0,❌ Incorrecto
"dataset/1755866307_0.91_(48, 96, 3)_Z50-343.jpg",Z50-34.,Z50-343,0.2614,0.0,❌ Incorrecto
"dataset/1755866307_0.91_(56, 105, 3)_750-343.jpg",250-34,750-343,0.2534,0.0,❌ Incorrecto
"dataset/1755866333_0.9_(56, 104, 3)_APH-716.jpg",,APH-716,0.1918,0.0,❌ Incorrecto
"dataset/1755866336_0.91_(46, 98, 3)_V8V-084.jpg",80-18,V8V-084,0.2557,0.0,❌ Incorrecto
"dataset/1755866431_0.91_(53, 107, 3)_COG-679.jpg",COG-67,COG-679,0.2565,0.0,❌ Incorrecto
"dataset/1755866477_0.9_(50, 100, 3)_APF-394.jpg",4PF-39,APF-394,0.2656,0.0,❌ Incorrecto
"dataset/1755866484_0.9_(50, 104, 3)_Z3T-663.jpg",3T-66,Z3T-663,0.2592,0.0,❌ Incorrecto
"dataset/1755866521_0.92_(46, 94, 3)_75C-592.jpg",75C-59,75C-592,0.2521,0.0,❌ Incorrecto
"dataset/1755866566_0.9_(64, 110, 3)_Y3F-143.jpg",,Y3F-143,0.1916,0.0,❌ Incorrecto
"dataset/1755866603_0.9_(46, 95, 3)_X1J-790.jpg",062-CL,X1J-790,0.2539,0.0,❌ Incorrecto
"dataset/1755866681_0.91_(48, 93, 3)_Z3P-326.jpg",Z3P-32,Z3P-326,0.2633,0.0,❌ Incorrecto
"dataset/1755866685_0.9_(48, 96, 3)_Z6F-642.jpg",26F-64,Z6F-642,0.2560,0.0,❌ Incorrecto
"dataset/1755866688_0.91_(55, 109, 3)_V6M-925.jpg",S26-W93,V6M-925,0.2585,0.0,❌ Incorrecto
"dataset/1755866691_0.91_(42, 96, 3)_X5J-730.jpg",,X5J-730,0.2029,0.0,❌ Incorrecto
"dataset/1755866701_0.91_(51, 100, 3)_Z5D-490.jpg",Z5D-49,Z5D-490,0.2650,0.0,❌ Incorrecto
"dataset/1755866708_0.9_(47, 95, 3)_Z7T-469.jpg",Z7T-46,Z7T-469,0.2665,0.0,❌ Incorrecto
"dataset/1755866735_0.9_(46, 95, 3)_Z5Q-767.jpg",292-05,Z5Q-767,0.2554,0.0,❌ Incorrecto
"dataset/1755866769_0.9_(45, 97, 3)_Z7W-135.jpg",,Z7W-135,0.1965,0.0,❌ Incorrecto
"dataset/1755866846_0.91_(61, 109, 3)_AMO-819.jpg",,AMO-819,0.1916,0.0,❌ Incorrecto
"dataset/1755866848_0.9_(47, 97, 3)_VCA-701.jpg",CA-70,VCA-701,0.2523,0.0,❌ Incorrecto
"dataset/1755866863_0.91_(48, 97, 3)_Z3E-444.jpg",,Z3E-444,0.1895,0.0,❌ Incorrecto
"dataset/1755866869_0.9_(49, 99, 3)_AUM-201.jpg",T22-W,AUM-201,0.2535,0.0,❌ Incorrecto
"dataset/1755866962_0.9_(59, 110, 3)_B3W-759.jpg",6S2-828,B3W-759,0.2575,0.0,❌ Incorrecto
"dataset/1755866976_0.9_(52, 108, 3)_B2U-796.jpg",62-12,B2U-796,0.2649,0.0,❌ Incorrecto
"dataset/1755867013_0.9_(51, 99, 3)_BRV-568.jpg",,BRV-568,0.1900,0.0,❌ Incorrecto
"dataset/1755867016_0.9_(47, 100, 3)_VOX-966.jpg",,VOX-966,0.1899,0.0,❌ Incorrecto
"dataset/1755867062_0.9_(58, 110, 3)_Z7W-006.jpg",900-M27,Z7W-006,0.2601,0.0,❌ Incorrecto
"dataset/1755867068_0.9_(46, 108, 3)_C8U-187.jpg",,C8U-187,0.1967,0.0,❌ Incorrecto
"dataset/1755867099_0.9_(52, 102, 3)_A5Z-645.jpg",,A5Z-645,0.1859,0.0,❌ Incorrecto
"dataset/1755867103_0.9_(45, 90, 3)_ERA-728.jpg",RA-72,ERA-728,0.2545,0.0,❌ Incorrecto
"dataset/1755867108_0.9_(46, 94, 3)_V9Q-064.jpg",/9Q-06,V9Q-064,0.2638,0.0,❌ Incorrecto
"dataset/1755867109_0.9_(55, 105, 3)_19Q-064.jpg",/9Q-0,19Q-064,0.2544,0.0,❌ Incorrecto
"dataset/1755867134_0.9_(64, 108, 3)_ABA-734.jpg",,ABA-734,0.1903,0.0,❌ Incorrecto
"dataset/1755867157_0.9_(52, 103, 3)_Y3A-006.jpg",X3A-00,Y3A-006,0.2612,0.0,❌ Incorrecto
"dataset/1755867182_0.9_(47, 92, 3)_Z6D-275.jpg",Z6D-27,Z6D-275,0.2577,0.0,❌ Incorrecto
"dataset/1755867230_0.91_(55, 108, 3)_Z5F-631.jpg",Z5F-631,Z5F-631,0.2668,100.0,✅ Correcto
"dataset/1755867236_0.91_(49, 97, 3)_Z7C-220.jpg",Z7C-220,Z7C-220,0.2587,100.0,✅ Correcto
"dataset/1755867248_0.91_(109, 119, 3)_Z5J-714.jpg",50-71,Z5J-714,0.2608,0.0,❌ Incorrecto
"dataset/1755867315_0.91_(51, 98, 3)_F5H-768.jpg",5H-76,F5H-768,0.2628,0.0,❌ Incorrecto
"dataset/1755867382_0.9_(64, 116, 3)_BDM-402.jpg",07-WQ,BDM-402,0.2591,0.0,❌ Incorrecto
"dataset/1755867393_0.9_(49, 95, 3)_VDY-836.jpg",DY-836,VDY-836,0.2624,0.0,❌ Incorrecto
"dataset/1755867401_0.9_(53, 103, 3)_BYW-137.jpg",,BYW-137,0.1867,0.0,❌ Incorrecto
"dataset/1755867409_0.91_(50, 96, 3)_Y2C-212.jpg",Y2C-21,Y2C-212,0.2606,0.0,❌ Incorrecto
"dataset/1755867414_0.91_(55, 107, 3)_X50-334.jpg",X50,X50-334,0.3488,0.0,❌ Incorrecto
"dataset/1755867417_0.91_(57, 112, 3)_Z4X-252.jpg",,Z4X-252,0.1976,0.0,❌ Incorrecto
"dataset/1755867476_0.91_(47, 97, 3)_B71-205.jpg",B71-20,B71-205,0.2560,0.0,❌ Incorrecto
"dataset/1755867500_0.9_(48, 110, 3)_A8D-764.jpg",794-081,A8D-764,0.2703,0.0,❌ Incorrecto
"dataset/1755867507_0.9_(54, 108, 3)_BLK-359.jpg",BLK-35,BLK-359,0.2564,0.0,❌ Incorrecto
"dataset/1755867579_0.9_(55, 111, 3)_Z5Z-557.jpg",455-Z57,Z5Z-557,0.2696,0.0,❌ Incorrecto
"dataset/1755867603_0.9_(46, 108, 3)_A4M-799.jpg",662-W9,A4M-799,0.2753,0.0,❌ Incorrecto
"dataset/1755867626_0.9_(51, 99, 3)_BEX-018.jpg",,BEX-018,0.2034,0.0,❌ Incorrecto
"dataset/1755867644_0.9_(51, 92, 3)_VDS-785.jpg",VDS-78!,VDS-785,0.2610,0.0,❌ Incorrecto
"dataset/1755867691_0.9_(66, 116, 3)_Z5X-789.jpg",,Z5X-789,0.1920,0.0,❌ Incorrecto
"dataset/1755867708_0.91_(47, 94, 3)_Z3V-367.jpg",,Z3V-367,0.1872,0.0,❌ Incorrecto
"dataset/1755867716_0.9_(48, 95, 3)_Z4J-227.jpg",,Z4J-227,0.2002,0.0,❌ Incorrecto
"dataset/1755867723_0.91_(51, 100, 3)_BYU-726.jpg",,BYU-726,0.1968,0.0,❌ Incorrecto
"dataset/1755867725_0.91_(51, 109, 3)_V8J-173.jpg",V8J-17,V8J-173,0.2611,0.0,❌ Incorrecto
"dataset/1755867745_0.91_(53, 101, 3)_Z6B-834.jpg",Z6B-83,Z6B-834,0.2698,0.0,❌ Incorrecto
"dataset/1755867762_0.9_(50, 102, 3)_Z3J-707.jpg",Z3J-707,Z3J-707,0.2677,100.0,✅ Correcto
"dataset/1755867772_0.9_(54, 102, 3)_S1B-772.jpg",S1B-77,S1B-772,0.2691,0.0,❌ Incorrecto
"dataset/1755867776_0.9_(45, 95, 3)_750-460.jpg",,750-460,0.2005,0.0,❌ Incorrecto
"dataset/1755867780_0.9_(60, 111, 3)_Z6W-329.jpg",76H-,Z6W-329,0.2633,0.0,❌ Incorrecto
"dataset/1755867790_0.9_(55, 104, 3)_V9K-468.jpg",97-X6,V9K-468,0.2685,0.0,❌ Incorrecto
"dataset/1755867797_0.9_(44, 90, 3)_D9Y-142.jpg",25-16,D9Y-142,0.2611,0.0,❌ Incorrecto
"dataset/1755867812_0.91_(54, 103, 3)_Y3T-626.jpg",(3T-62,Y3T-626,0.2679,0.0,❌ Incorrecto
"dataset/1755867812_0.9_(57, 102, 3)_X3T-626.jpg",(3T-62,X3T-626,0.2634,0.0,❌ Incorrecto
"dataset/1755867815_0.9_(61, 111, 3)_Z5G-950.jpg",Z5G-950,Z5G-950,0.2600,100.0,✅ Correcto
"dataset/1755867825_0.91_(45, 104, 3)_FOY-519.jpg",FOY-519,FOY-519,0.2698,100.0,✅ Correcto
"dataset/1755867829_0.91_(58, 113, 3)_F5P-410.jpg",,F5P-410,0.2031,0.0,❌ Incorrecto
"dataset/1755867847_0.9_(54, 106, 3)_X4H-195.jpg",,X4H-195,0.2032,0.0,❌ Incorrecto
"dataset/1755867850_0.91_(52, 100, 3)_C2U-205.jpg",C2U-20:,C2U-205,0.2594,0.0,❌ Incorrecto
"dataset/1755867860_0.91_(49, 93, 3)_Z1S-762.jpg",794-ST,Z1S-762,0.2657,0.0,❌ Incorrecto
"dataset/1755867863_0.92_(120, 126, 3)_L1S-762.jpg",1S-767,L1S-762,0.2821,0.0,❌ Incorrecto
"dataset/1755867891_0.9_(50, 96, 3)_Z3C-048.jpg",Z3C-04,Z3C-048,0.2686,0.0,❌ Incorrecto
"dataset/1755867895_0.91_(48, 97, 3)_Z5L-154.jpg",,Z5L-154,0.2002,0.0,❌ Incorrecto
"dataset/1755867898_0.9_(58, 110, 3)_Z5Q-765.jpg",,Z5Q-765,0.1879,0.0,❌ Incorrecto
"dataset/1755867902_0.9_(50, 102, 3)_Z7U-115.jpg",,Z7U-115,0.2047,0.0,❌ Incorrecto
"dataset/1755867935_0.91_(57, 107, 3)_A80-757.jpg",58-08,A80-757,0.2578,0.0,❌ Incorrecto
"dataset/1755867948_0.91_(58, 112, 3)_B3H-759.jpg",652-ME8,B3H-759,0.2669,0.0,❌ Incorrecto
"dataset/1755867949_0.9_(62, 113, 3)_B3W-759.jpg",6S2-H2,B3W-759,0.2754,0.0,❌ Incorrecto
"dataset/1755867979_0.9_(49, 106, 3)_Z2P-096.jpg",Z2P-096,Z2P-096,0.2517,100.0,✅ Correcto
"dataset/1755867982_0.91_(52, 101, 3)_Z7N-143.jpg",,Z7N-143,0.2019,0.0,❌ Incorrecto
"dataset/1755868027_0.9_(49, 95, 3)_AOH-798.jpg",,AOH-798,0.1994,0.0,❌ Incorrecto
"dataset/1755868030_0.9_(131, 138, 3)_AOW-798.jpg",0W-79,AOW-798,0.2801,0.0,❌ Incorrecto
"dataset/1755868034_0.9_(51, 104, 3)_Z8S-813.jpg",78S-8,Z8S-813,0.2666,0.0,❌ Incorrecto
"dataset/1755868036_0.9_(48, 100, 3)_Z8L-874.jpg",728-787,Z8L-874,0.2667,0.0,❌ Incorrecto
"dataset/1755868040_0.9_(50, 96, 3)_BHG-267.jpg",,BHG-267,0.2005,0.0,❌ Incorrecto
"dataset/1755868044_0.91_(50, 97, 3)_D1I-153.jpg",,D1I-153,0.1890,0.0,❌ Incorrecto
"dataset/1755868044_0.91_(53, 102, 3)_D11-153.jpg",,D11-153,0.2024,0.0,❌ Incorrecto
"dataset/1755868058_0.91_(46, 97, 3)_72Y-720.jpg",22Y-7,72Y-720,0.2577,0.0,❌ Incorrecto
"dataset/1755868062_0.9_(56, 108, 3)_V9F-202.jpg",222-362,V9F-202,0.2556,0.0,❌ Incorrecto
"dataset/1755868068_0.9_(47, 97, 3)_BPW-164.jpg",BPW-1,BPW-164,0.2680,0.0,❌ Incorrecto
"dataset/1755868072_0.9_(70, 117, 3)_Z7P-666.jpg",Z7P-66,Z7P-666,0.2712,0.0,❌ Incorrecto
"dataset/1755868077_0.9_(47, 95, 3)_Z70-399.jpg",Z70-39,Z70-399,0.2585,0.0,❌ Incorrecto
"dataset/1755868082_0.91_(49, 98, 3)_Z7W-377.jpg",Z7W-377,Z7W-377,0.2745,100.0,✅ Correcto
"dataset/1755868110_0.91_(128, 129, 3)_L5J-714.jpg",00-71,L5J-714,0.2713,0.0,❌ Incorrecto
"dataset/1755868129_0.91_(45, 95, 3)_V4E-442.jpg",767-36,V4E-442,0.2672,0.0,❌ Incorrecto
"dataset/1755868130_0.9_(49, 101, 3)_14E-442.jpg",777-37,14E-442,0.2540,0.0,❌ Incorrecto
"dataset/1755868134_0.92_(48, 98, 3)_X3F-317.jpg",Y3F-31,X3F-317,0.2591,0.0,❌ Incorrecto
"dataset/1755868141_0.9_(58, 111, 3)_Z3J-707.jpg",Z3J-707,Z3J-707,0.2658,100.0,✅ Correcto
"dataset/1755868148_0.9_(60, 106, 3)_X3H-030.jpg",(3H-O),X3H-030,0.2575,0.0,❌ Incorrecto
"dataset/1755868151_0.9_(47, 95, 3)_Z7J-697.jpg",Z7J-69,Z7J-697,0.2694,0.0,❌ Incorrecto
"dataset/1755868156_0.9_(49, 92, 3)_AYJ-561.jpg",J-5,AYJ-561,0.2675,0.0,❌ Incorrecto
"dataset/1755868158_0.92_(55, 98, 3)_4YJ-561.jpg",YJ-56.,4YJ-561,0.2562,0.0,❌ Incorrecto
"dataset/1755868169_0.91_(64, 112, 3)_S1B-772.jpg",222-889,S1B-772,0.2664,0.0,❌ Incorrecto
"dataset/1755868213_0.9_(47, 100, 3)_A5E-785.jpg",S82-35,A5E-785,0.2696,0.0,❌ Incorrecto
"dataset/1755868214_0.91_(50, 106, 3)_45E-785.jpg",,45E-785,0.1874,0.0,❌ Incorrecto
"dataset/1755868233_0.9_(51, 109, 3)_Z6E-393.jpg",Z6E-39,Z6E-393,0.2697,0.0,❌ Incorrecto
"dataset/1755868237_0.9_(63, 115, 3)_V1H-723.jpg",1H-7,V1H-723,0.2611,0.0,❌ Incorrecto
"dataset/1755868252_0.9_(49, 98, 3)_V5B-631.jpg",/5B-63:,V5B-631,0.2714,0.0,❌ Incorrecto
"dataset/1755868316_0.9_(56, 111, 3)_FOB-739.jpg",OB-7,FOB-739,0.2682,0.0,❌ Incorrecto
"dataset/1755868367_0.9_(57, 105, 3)_Z4Q-197.jpg",Z4Q-197,Z4Q-197,0.2657,100.0,✅ Correcto
"dataset/1755868377_0.91_(52, 105, 3)_Z7U-204.jpg",Z7U-20,Z7U-204,0.2645,0.0,❌ Incorrecto
"dataset/1755868390_0.9_(59, 110, 3)_A7V-766.jpg",,A7V-766,0.2035,0.0,❌ Incorrecto
"dataset/1755868410_0.9_(47, 98, 3)_Z3C-760.jpg",,Z3C-760,0.1999,0.0,❌ Incorrecto
"dataset/1755868462_0.9_(51, 102, 3)_V9N-697.jpg",,V9N-697,0.2032,0.0,❌ Incorrecto
"dataset/1755868467_0.91_(46, 93, 3)_V8B-614.jpg",V8B-61,V8B-614,0.2668,0.0,❌ Incorrecto
"dataset/1755868503_0.91_(50, 98, 3)_Z6L-717.jpg",260-7:,Z6L-717,0.2544,0.0,❌ Incorrecto
"dataset/1755868523_0.9_(53, 105, 3)_Z7Z-085.jpg",7Z-08,Z7Z-085,0.2655,0.0,❌ Incorrecto
"dataset/1755868553_0.9_(51, 109, 3)_B2U-796.jpg",62-nz,B2U-796,0.2588,0.0,❌ Incorrecto
"dataset/1755868571_0.91_(48, 96, 3)_BRT-304.jpg",BRT-304,BRT-304,0.2524,100.0,✅ Correcto
"dataset/1755868575_0.91_(61, 110, 3)_ATO-102.jpg",TO-10,ATO-102,0.2704,0.0,❌ Incorrecto
"dataset/1755868621_0.9_(56, 104, 3)_BBW-631.jpg",,BBW-631,0.2013,0.0,❌ Incorrecto
"dataset/1755868632_0.91_(44, 95, 3)_A9C-789.jpg",682-96,A9C-789,0.2506,0.0,❌ Incorrecto
"dataset/1755868683_0.9_(51, 101, 3)_Z3C-760.jpg",,Z3C-760,0.1911,0.0,❌ Incorrecto
"dataset/1755868729_0.91_(51, 97, 3)_ICQ-067.jpg",VCQ-06,ICQ-067,0.2571,0.0,❌ Incorrecto
"dataset/1755868766_0.9_(51, 102, 3)_AYA-568.jpg",,AYA-568,0.2007,0.0,❌ Incorrecto
"dataset/1755868769_0.9_(57, 106, 3)_AZH-270.jpg",ZH-27,AZH-270,0.2668,0.0,❌ Incorrecto
"dataset/1755868815_0.9_(51, 114, 3)_B30-733.jpg",34-228,B30-733,0.2676,0.0,❌ Incorrecto
"dataset/1755868871_0.91_(48, 97, 3)_Z7X-303.jpg",Z7X-30,Z7X-303,0.2679,0.0,❌ Incorrecto
"dataset/1755868919_0.9_(51, 100, 3)_Z4G-081.jpg",74G-08,Z4G-081,0.2659,0.0,❌ Incorrecto
"dataset/1755868921_0.91_(61, 107, 3)_X3Y-506.jpg",,X3Y-506,0.2042,0.0,❌ Incorrecto
"dataset/1755868990_0.9_(48, 98, 3)_Z3W-660.jpg",099-M£,Z3W-660,0.2504,0.0,❌ Incorrecto
"dataset/1755869368_0.9_(59, 107, 3)_X3R-360.jpg",(3R-360,X3R-360,0.2683,0.0,❌ Incorrecto
"dataset/1755869377_0.9_(48, 93, 3)_D2R-594.jpg",D2R-59,D2R-594,0.2682,0.0,❌ Incorrecto
"dataset/1755869386_0.9_(49, 97, 3)_V7C-801.jpg",V7C-80,V7C-801,0.2696,0.0,❌ Incorrecto
"dataset/1755869394_0.9_(47, 96, 3)_Z5B-649.jpg",Z5B-64,Z5B-649,0.2715,0.0,❌ Incorrecto
"dataset/1755869505_0.9_(126, 134, 3)_N2X-710.jpg",2X-71,N2X-710,0.2912,0.0,❌ Incorrecto
"dataset/1755869536_0.91_(52, 103, 3)_Z8S-813.jpg",Z8S-81,Z8S-813,0.2655,0.0,❌ Incorrecto
"dataset/1755869570_0.9_(51, 107, 3)_Z4Q-021.jpg",220-077,Z4Q-021,0.2678,0.0,❌ Incorrecto
"dataset/1755869582_0.91_(65, 116, 3)_Z8M-738.jpg",Z8M-738,Z8M-738,0.2631,100.0,✅ Correcto
"dataset/1755869632_0.9_(63, 114, 3)_Z5F-558.jpg",Z5F-55,Z5F-558,0.2663,0.0,❌ Incorrecto
"dataset/1755869679_0.9_(63, 113, 3)_V7C-801.jpg",V7C-80,V7C-801,0.2594,0.0,❌ Incorrecto
"dataset/1755869713_0.9_(60, 112, 3)_APF-394.jpg",APF-394,APF-394,0.2563,100.0,✅ Correcto
"dataset/1755870055_0.9_(48, 97, 3)_B2C-509.jpg",B2C-50,B2C-509,0.2600,0.0,❌ Incorrecto
"dataset/1755870085_0.9_(45, 94, 3)_Z7J-462.jpg",27J-46,Z7J-462,0.2647,0.0,❌ Incorrecto
"dataset/1755870135_0.9_(51, 104, 3)_Z4T-372.jpg",,Z4T-372,0.1992,0.0,❌ Incorrecto
"dataset/1755870154_0.91_(48, 105, 3)_Y1L-742.jpg",264-7L,Y1L-742,0.2638,0.0,❌ Incorrecto
"dataset/1755870168_0.9_(54, 99, 3)_130-397.jpg",/30-39,130-397,0.2640,0.0,❌ Incorrecto
"dataset/1755870182_0.9_(47, 96, 3)_Z5T-688.jpg",Z5T-68,Z5T-688,0.2622,0.0,❌ Incorrecto
"dataset/1755870240_0.9_(58, 108, 3)_Z6K-411.jpg",,Z6K-411,0.2009,0.0,❌ Incorrecto
"dataset/1755870251_0.91_(48, 97, 3)_45K-770.jpg",O22-XS,45K-770,0.2500,0.0,❌ Incorrecto
"dataset/1755870281_0.9_(60, 105, 3)_V4F-244.jpg",,V4F-244,0.2045,0.0,❌ Incorrecto
"dataset/1755870289_0.91_(47, 92, 3)_Z7C-049.jpg",Z7C-0,Z7C-049,0.2524,0.0,❌ Incorrecto
"dataset/1755870393_0.9_(50, 107, 3)_Y1L-742.jpg",274-7L,Y1L-742,0.2684,0.0,❌ Incorrecto
"dataset/1755870444_0.91_(48, 97, 3)_ACL-585.jpg",GTS-75,ACL-585,0.2663,0.0,❌ Incorrecto
"dataset/1755870523_0.91_(50, 102, 3)_Z51-804.jpg",78-I5,Z51-804,0.2693,0.0,❌ Incorrecto
"dataset/1755870633_0.9_(49, 99, 3)_Z8C-747.jpg",Z8C-747,Z8C-747,0.2679,100.0,✅ Correcto
"dataset/1755870662_0.91_(48, 96, 3)_AOT-720.jpg",AOT-72,AOT-720,0.2687,0.0,❌ Incorrecto
"dataset/1755870687_0.91_(67, 124, 3)_CDL-482.jpg",CDU-48,CDL-482,0.2592,0.0,❌ Incorrecto
"dataset/1755870769_0.9_(49, 99, 3)_Z7W-377.jpg",Z7W-3,Z7W-377,0.2700,0.0,❌ Incorrecto
"dataset/1755870783_0.9_(48, 98, 3)_Z8C-206.jpg",Z8C-20,Z8C-206,0.2665,0.0,❌ Incorrecto
"dataset/1755870785_0.9_(119, 121, 3)_L8C-206.jpg",,L8C-206,0.2248,0.0,❌ Incorrecto
"dataset/1755870826_0.9_(52, 102, 3)_V6M-597.jpg",,V6M-597,0.1919,0.0,❌ Incorrecto
"dataset/1755870914_0.9_(47, 99, 3)_AOT-720.jpg",OT-72,AOT-720,0.2623,0.0,❌ Incorrecto
"dataset/1755871079_0.9_(62, 114, 3)_Z4J-763.jpg",£94-04,Z4J-763,0.2669,0.0,❌ Incorrecto
"dataset/1755871103_0.9_(59, 110, 3)_S1B-589.jpg",1B-58,S1B-589,0.2696,0.0,❌ Incorrecto
"dataset/1755871108_0.9_(52, 112, 3)_Z1J-781.jpg",282-LL7,Z1J-781,0.2702,0.0,❌ Incorrecto
"dataset/1755871139_0.9_(50, 96, 3)_BSV-176.jpg",BSV-17,BSV-176,0.2679,0.0,❌ Incorrecto
"dataset/1755871157_0.92_(130, 134, 3)_L2N-738.jpg",2M-73,L2N-738,0.2834,0.0,❌ Incorrecto
"dataset/1755871316_0.9_(51, 102, 3)_Z7M-111.jpg",,Z7M-111,0.1968,0.0,❌ Incorrecto
"dataset/1755871358_0.9_(48, 96, 3)_CRO-577.jpg",CRO-577,CRO-577,0.2556,100.0,✅ Correcto
"dataset/1755871447_0.9_(48, 101, 3)_V5S-570.jpg",V5S-570,V5S-570,0.2671,100.0,✅ Correcto
"dataset/1755871461_0.9_(46, 96, 3)_APF-394.jpg",APF-394,APF-394,0.2692,100.0,✅ Correcto
"dataset/1755871611_0.91_(57, 104, 3)_Z5V-413.jpg",25V-413,Z5V-413,0.2651,0.0,❌ Incorrecto
"dataset/1755871634_0.9_(60, 108, 3)_V8J-069.jpg",,V8J-069,0.2033,0.0,❌ Incorrecto
"dataset/1755871753_0.91_(60, 106, 3)_Z5L-091.jpg",T60-757,Z5L-091,0.2591,0.0,❌ Incorrecto
"dataset/1755871801_0.9_(47, 93, 3)_Z7S-679.jpg",Z7S-67,Z7S-679,0.2524,0.0,❌ Incorrecto
"dataset/1755871807_0.9_(48, 99, 3)_Z8A-540.jpg",Z8A-540,Z8A-540,0.2696,100.0,✅ Correcto
"dataset/1755871813_0.9_(63, 107, 3)_Z5D-490.jpg",,Z5D-490,0.1942,0.0,❌ Incorrecto
"dataset/1755871836_0.9_(58, 116, 3)_V3C-453.jpg",347-328,V3C-453,0.2641,0.0,❌ Incorrecto
"dataset/1755871886_0.9_(50, 104, 3)_Z6D-367.jpg",Z6D-36,Z6D-367,0.2655,0.0,❌ Incorrecto
"dataset/1755871920_0.91_(63, 106, 3)_ASN-544.jpg",SN-54,ASN-544,0.2604,0.0,❌ Incorrecto
"dataset/1755871984_0.91_(49, 95, 3)_Z7L-650.jpg",Z7L-65,Z7L-650,0.2532,0.0,❌ Incorrecto
"dataset/1755872015_0.9_(61, 112, 3)_Z5D-360.jpg",36,Z5D-360,0.3557,0.0,❌ Incorrecto
"dataset/1755872070_0.9_(52, 103, 3)_B1B-734.jpg",,B1B-734,0.2033,0.0,❌ Incorrecto
"dataset/1755872110_0.9_(51, 96, 3)_VOT-812.jpg",VOT-812,VOT-812,0.2508,100.0,✅ Correcto
"dataset/1755872180_0.9_(48, 98, 3)_A9K-715.jpg",ST4-X6,A9K-715,0.2703,0.0,❌ Incorrecto
"dataset/1755872284_0.91_(145, 146, 3)_L10-760.jpg",10-76,L10-760,0.2988,0.0,❌ Incorrecto
"dataset/1755872299_0.9_(54, 103, 3)_Z5G-467.jpg",Z5G-46,Z5G-467,0.2551,0.0,❌ Incorrecto
"dataset/1755872312_0.9_(50, 97, 3)_Z7X-826.jpg",,Z7X-826,0.2047,0.0,❌ Incorrecto
"dataset/1755872398_0.9_(49, 101, 3)_F3F-041.jpg",F3F-04,F3F-041,0.2533,0.0,❌ Incorrecto
"dataset/1755872405_0.91_(59, 107, 3)_B1B-734.jpg",,B1B-734,0.1870,0.0,❌ Incorrecto
"dataset/1755872417_0.9_(49, 93, 3)_B31-104.jpg",B3I-10,B31-104,0.2532,0.0,❌ Incorrecto
"dataset/1755872482_0.9_(58, 109, 3)_CJS-373.jpg",JS-37,CJS-373,0.2530,0.0,❌ Incorrecto
"dataset/1755872541_0.9_(123, 137, 3)_L10-760.jpg",9L-0,L10-760,0.2866,0.0,❌ Incorrecto
"dataset/1755872551_0.9_(50, 98, 3)_Z7V-417.jpg",∠T5-ML,Z7V-417,0.2685,0.0,❌ Incorrecto
"dataset/1755872552_0.91_(62, 109, 3)_77V-417.jpg",2T4-M2,77V-417,0.2710,0.0,❌ Incorrecto
"dataset/1755872559_0.9_(46, 103, 3)_74K-739.jpg",622-X7,74K-739,0.2677,0.0,❌ Incorrecto
"dataset/1755872559_0.9_(52, 107, 3)_Z4K-739.jpg",622-X7,Z4K-739,0.2513,0.0,❌ Incorrecto
"dataset/1755872606_0.91_(48, 99, 3)_CRO-577.jpg",CRO-57,CRO-577,0.2549,0.0,❌ Incorrecto
"dataset/1755872752_0.9_(51, 96, 3)_BKZ-705.jpg",,BKZ-705,0.2023,0.0,❌ Incorrecto
"dataset/1755872828_0.9_(49, 94, 3)_Z2Q-310.jpg",22Q-310,Z2Q-310,0.2518,0.0,❌ Incorrecto
"dataset/1755872884_0.9_(51, 103, 3)_V1T-101.jpg",,V1T-101,0.2021,0.0,❌ Incorrecto
"dataset/1755872968_0.91_(50, 96, 3)_C1A-878.jpg",C1A-,C1A-878,0.2692,0.0,❌ Incorrecto
"dataset/1755873119_0.91_(46, 95, 3)_42E-705.jpg",,42E-705,0.2021,0.0,❌ Incorrecto
"dataset/1755873369_0.9_(56, 100, 3)_AFG-023.jpg",,AFG-023,0.1833,0.0,❌ Incorrecto
"dataset/1755873449_0.9_(55, 105, 3)_Z5G-139.jpg",Z5G-13,Z5G-139,0.2602,0.0,❌ Incorrecto
"dataset/1755873458_0.91_(51, 98, 3)_W1A-763.jpg",,W1A-763,0.2012,0.0,❌ Incorrecto
"dataset/1755873467_0.9_(59, 112, 3)_BHB-015.jpg",BHB,BHB-015,0.2514,0.0,❌ Incorrecto
"dataset/1755873478_0.9_(47, 98, 3)_42E-705.jpg",2Es70,42E-705,0.2598,0.0,❌ Incorrecto
"dataset/1755873578_0.9_(56, 108, 3)_Z5X-789.jpg",,Z5X-789,0.2042,0.0,❌ Incorrecto
,,,,,
=== RESUMEN FINAL ===,,,,,
Total de imágenes,500,,,,
Correctos,43,,,8.6,✅
Incorrectos,457,,,91.4,❌
Tiempo total,125.0649s,,,,
Tiempo promedio,0.2501s,,,,
